<?xml version="1.0" encoding="UTF-8" standalone="yes"?>
<addon id="plugin.video.sendtokodiU2P" name="U2Pplay" version="0.0.225.1" provider-name="noway">
  <requires>
    <import addon="xbmc.python" version="2.19.0"/>
	<import addon="script.module.requests" version="2.12.4"/>
  </requires>
  <extension point="xbmc.python.pluginsource" library="service.py" />
  <extension point="xbmc.addon.metadata">
    <summary lang="en">U2Pplay</summary>
    <description lang="en">U2Pplay</description>
    <description lang="de">U2Pplay</description>
    <disclaimer lang="en"></disclaimer>
    <platform>all</platform>
    <license>MIT License</license>
    <website></website>
    <email></email>
    <source></source>
  </extension>
</addon>